placement,rtt_ms,conns,alg,worker,rep,rate,mean_hs_ms,errors,client_cpu_cores,server_cpu_cores,pq_jobs,pq_failures
separate,0,100,p256,none,0,2009.6,15.929,0,1.847,0.937,0,0
separate,0,100,p256_mldsa44,none,0,710.8,102.996,0,1.612,0.988,0,0
separate,0,100,p256_mldsa44,thread,0,725.3,87.481,0,1.802,0.985,28001,0
separate,0,100,p256_mldsa44,pool:2,0,720.6,81.172,0,1.754,0.984,27835,0
separate,0,100,p256,none,1,2052.3,14.391,0,1.879,0.969,0,0
separate,0,100,p256_mldsa44,none,1,691.0,104.255,0,1.590,0.987,0,0
separate,0,100,p256_mldsa44,thread,1,640.3,98.303,0,1.703,0.965,25933,0
separate,0,100,p256_mldsa44,pool:2,1,655.8,99.960,0,1.697,0.973,25068,0
separate,0,100,p256,none,2,2073.8,14.090,0,1.891,0.977,0,0
separate,0,100,p256_mldsa44,none,2,744.8,91.546,0,1.654,0.986,0,0
separate,0,100,p256_mldsa44,thread,2,645.3,97.429,0,1.766,0.976,25380,0
separate,0,100,p256_mldsa44,pool:2,2,697.2,94.408,0,1.682,0.977,26930,0
separate,0,500,p256,none,0,1899.9,132.779,0,1.878,0.979,0,0
separate,0,500,p256_mldsa44,none,0,720.4,606.562,0,1.619,0.990,0,0
separate,0,500,p256_mldsa44,thread,0,631.3,694.582,0,1.774,0.991,25370,0
separate,0,500,p256_mldsa44,pool:2,0,625.3,655.714,0,1.682,0.973,24341,0
separate,0,500,p256,none,1,1886.5,108.015,0,1.879,0.990,0,0
separate,0,500,p256_mldsa44,none,1,738.3,581.880,0,1.664,0.990,0,0
separate,0,500,p256_mldsa44,thread,1,722.2,551.323,0,1.812,0.988,27751,0
separate,0,500,p256_mldsa44,pool:2,1,719.3,617.076,0,1.746,0.987,28364,0
separate,0,500,p256,none,2,2018.3,104.180,0,1.916,0.986,0,0
separate,0,500,p256_mldsa44,none,2,704.5,653.586,0,1.593,0.979,0,0
separate,0,500,p256_mldsa44,thread,2,689.2,562.380,0,1.782,0.987,27566,0
separate,0,500,p256_mldsa44,pool:2,2,664.8,635.516,0,1.618,0.980,26744,0
separate,50,100,p256,none,0,648.5,53.212,0,0.675,0.342,0,0
separate,50,100,p256_mldsa44,none,0,486.1,87.110,0,1.138,0.748,0,0
separate,50,100,p256_mldsa44,thread,0,464.0,90.314,0,1.331,0.714,18171,0
separate,50,100,p256_mldsa44,pool:2,0,467.6,89.216,0,1.246,0.739,18468,0
separate,50,100,p256,none,1,640.5,53.877,0,0.703,0.365,0,0
separate,50,100,p256_mldsa44,none,1,490.1,84.756,0,1.144,0.737,0,0
separate,50,100,p256_mldsa44,thread,1,487.4,85.118,0,1.282,0.707,18534,0
separate,50,100,p256_mldsa44,pool:2,1,489.9,82.888,0,1.156,0.686,19072,0
separate,50,100,p256,none,2,647.7,53.649,0,0.679,0.354,0,0
separate,50,100,p256_mldsa44,none,2,498.7,83.655,0,1.159,0.733,0,0
separate,50,100,p256_mldsa44,thread,2,480.7,86.666,0,1.293,0.702,18687,0
separate,50,100,p256_mldsa44,pool:2,2,463.1,90.133,0,1.221,0.749,18252,0
separate,50,500,p256,none,0,1809.8,112.958,0,1.751,0.911,0,0
separate,50,500,p256_mldsa44,none,0,661.5,550.103,0,1.594,0.983,0,0
separate,50,500,p256_mldsa44,thread,0,652.3,584.431,0,1.701,0.981,24165,0
separate,50,500,p256_mldsa44,pool:2,0,615.4,575.545,0,1.542,0.982,24968,0
separate,50,500,p256,none,1,1817.8,109.542,0,1.703,0.862,0,0
separate,50,500,p256_mldsa44,none,1,655.2,552.101,0,1.466,0.988,0,0
separate,50,500,p256_mldsa44,thread,1,670.0,486.127,0,1.747,0.990,25874,0
separate,50,500,p256_mldsa44,pool:2,1,657.0,545.812,0,1.708,0.984,24789,0
separate,50,500,p256,none,2,1927.3,106.113,0,1.693,0.870,0,0
separate,50,500,p256_mldsa44,none,2,698.3,515.145,0,1.591,0.982,0,0
separate,50,500,p256_mldsa44,thread,2,681.9,490.134,0,1.835,0.985,25423,0
separate,50,500,p256_mldsa44,pool:2,2,598.8,652.707,0,1.582,0.988,23378,0
colocated,0,100,p256,none,0,1312.2,20.550,0,1.213,0.751,0,0
colocated,0,100,p256_mldsa44,none,0,390.0,86.700,0,1.113,0.842,0,0
colocated,0,100,p256_mldsa44,thread,0,495.7,64.176,0,1.195,0.773,19320,0
colocated,0,100,p256_mldsa44,pool:2,0,504.0,75.416,0,1.151,0.813,19647,0
colocated,0,100,p256,none,1,1334.0,20.393,0,1.218,0.760,0,0
colocated,0,100,p256_mldsa44,none,1,512.5,64.647,0,1.122,0.839,0,0
colocated,0,100,p256_mldsa44,thread,1,492.2,64.504,0,1.186,0.767,19227,0
colocated,0,100,p256_mldsa44,pool:2,1,492.2,75.635,0,1.151,0.823,19440,0
colocated,0,100,p256,none,2,1333.9,20.577,0,1.204,0.749,0,0
colocated,0,100,p256_mldsa44,none,2,543.7,60.898,0,1.135,0.837,0,0
colocated,0,100,p256_mldsa44,thread,2,485.3,64.870,0,1.182,0.766,19047,0
colocated,0,100,p256_mldsa44,pool:2,2,502.9,73.574,0,1.154,0.808,19650,0
colocated,0,500,p256,none,0,1317.0,79.561,0,1.200,0.768,0,0
colocated,0,500,p256_mldsa44,none,0,532.8,231.567,0,1.110,0.860,0,0
colocated,0,500,p256_mldsa44,thread,0,475.4,260.869,0,1.142,0.812,18564,0
colocated,0,500,p256_mldsa44,pool:2,0,498.2,304.655,0,1.122,0.845,19348,0
colocated,0,500,p256,none,1,1318.4,107.105,0,1.217,0.762,0,0
colocated,0,500,p256_mldsa44,none,1,495.5,266.119,0,1.093,0.883,0,0
colocated,0,500,p256_mldsa44,thread,1,450.7,282.961,0,1.147,0.797,18033,0
colocated,0,500,p256_mldsa44,pool:2,1,473.3,308.171,0,1.101,0.839,18675,0
colocated,0,500,p256,none,2,1314.5,105.540,0,1.210,0.763,0,0
colocated,0,500,p256_mldsa44,none,2,507.7,257.679,0,1.092,0.880,0,0
colocated,0,500,p256_mldsa44,thread,2,509.2,241.965,0,1.178,0.801,19172,0
colocated,0,500,p256_mldsa44,pool:2,2,488.1,308.016,0,1.147,0.849,18876,0
colocated,50,100,p256,none,0,640.0,56.065,0,0.658,0.377,0,0
colocated,50,100,p256_mldsa44,none,0,428.3,98.510,0,1.001,0.760,0,0
colocated,50,100,p256_mldsa44,thread,0,421.0,99.642,0,1.091,0.705,16473,0
colocated,50,100,p256_mldsa44,pool:2,0,412.7,98.868,0,1.082,0.742,16464,0
colocated,50,100,p256,none,1,637.9,56.011,0,0.656,0.375,0,0
colocated,50,100,p256_mldsa44,none,1,453.2,89.322,0,1.041,0.776,0,0
colocated,50,100,p256_mldsa44,thread,1,426.3,100.074,0,1.081,0.710,16648,0
colocated,50,100,p256_mldsa44,pool:2,1,414.8,98.945,0,1.066,0.732,16260,0
colocated,50,100,p256,none,2,631.5,56.998,0,0.649,0.372,0,0
colocated,50,100,p256_mldsa44,none,2,450.1,89.771,0,1.049,0.771,0,0
colocated,50,100,p256_mldsa44,thread,2,431.4,96.270,0,1.092,0.703,16864,0
colocated,50,100,p256_mldsa44,pool:2,2,433.6,95.127,0,1.045,0.725,16964,0
colocated,50,500,p256,none,0,1370.2,136.397,0,1.235,0.735,0,0
colocated,50,500,p256_mldsa44,none,0,502.2,509.779,0,1.084,0.901,0,0
colocated,50,500,p256_mldsa44,thread,0,461.5,559.373,0,1.165,0.804,18270,0
colocated,50,500,p256_mldsa44,pool:2,0,498.1,505.318,0,1.147,0.850,19701,0
colocated,50,500,p256,none,1,1292.7,139.025,0,1.244,0.734,0,0
colocated,50,500,p256_mldsa44,none,1,521.7,477.976,0,1.111,0.869,0,0
colocated,50,500,p256_mldsa44,thread,1,466.2,522.661,0,1.114,0.797,17772,0
colocated,50,500,p256_mldsa44,pool:2,1,496.0,521.393,0,1.125,0.849,19338,0
colocated,50,500,p256,none,2,1220.2,149.807,0,1.228,0.741,0,0
colocated,50,500,p256_mldsa44,none,2,449.5,516.918,0,1.031,0.965,0,0
colocated,50,500,p256_mldsa44,thread,2,448.6,554.656,0,1.154,0.814,18087,0
colocated,50,500,p256_mldsa44,pool:2,2,474.3,567.706,0,1.137,0.849,18587,0
