rtt_ms,alg,chain,group,worker,sync_median,dapv_median,diff_ms,diff_lo,diff_hi,diff_pct
0,p256_falcon512,chain3,X25519MLKEM768,pool2,3.2576,3.233,-0.0246,-0.0518,0.0071,-0.76
0,p256_mldsa44,chain3,X25519,pool2,2.4581,2.4904,0.0324,-0.0026,0.0588,1.32
0,p256_mldsa44,chain3,X25519MLKEM768,pool2,2.6498,2.658,0.0082,-0.0159,0.0302,0.31
0,p256_mldsa44,chain3,X25519MLKEM768,thread,2.6498,2.7976,0.1478,0.1167,0.1724,5.58
0,p256_mldsa44,single,X25519MLKEM768,pool2,2.0323,2.0634,0.0311,0.0099,0.0508,1.53
0,p256_sphincssha2128fsimple,chain3,X25519MLKEM768,pool2,11.7409,10.1521,-1.5888,-1.6806,-1.5135,-13.53
0,p384_mldsa65,chain3,X25519MLKEM768,pool2,4.6884,4.6903,0.0019,-0.0455,0.035,0.04
20,p256_falcon512,chain3,X25519MLKEM768,pool2,23.9845,24.0485,0.064,-0.1395,0.3329,0.27
20,p256_mldsa44,chain3,X25519,pool2,23.1675,23.1157,-0.0518,-0.1347,0.0526,-0.22
20,p256_mldsa44,chain3,X25519MLKEM768,pool2,23.331,23.5084,0.1773,0.0129,0.3107,0.76
20,p256_mldsa44,chain3,X25519MLKEM768,thread,23.331,23.7827,0.4517,0.2476,0.6399,1.94
20,p256_mldsa44,single,X25519MLKEM768,pool2,22.7957,22.7271,-0.0686,-0.1733,0.0443,-0.3
20,p256_sphincssha2128fsimple,chain3,X25519MLKEM768,pool2,66.6011,65.9111,-0.6901,-0.7878,-0.5631,-1.04
20,p384_mldsa65,chain3,X25519MLKEM768,pool2,43.705,43.6161,-0.089,-0.1634,0.004,-0.2
50,p256_falcon512,chain3,X25519MLKEM768,pool2,53.9874,54.0356,0.0481,-0.0777,0.1614,0.09
50,p256_mldsa44,chain3,X25519,pool2,53.3355,53.2556,-0.0799,-0.202,0.0147,-0.15
50,p256_mldsa44,chain3,X25519MLKEM768,pool2,53.5919,53.6977,0.1058,-0.0148,0.2429,0.2
50,p256_mldsa44,chain3,X25519MLKEM768,thread,53.5919,53.7606,0.1687,0.0543,0.3037,0.31
50,p256_mldsa44,single,X25519MLKEM768,pool2,52.9872,52.8481,-0.1391,-0.2637,-0.0223,-0.26
50,p256_sphincssha2128fsimple,chain3,X25519MLKEM768,pool2,161.6274,161.1037,-0.5237,-0.6484,-0.4115,-0.32
50,p384_mldsa65,chain3,X25519MLKEM768,pool2,104.943,104.961,0.018,-0.0734,0.1728,0.02
100,p256_falcon512,chain3,X25519MLKEM768,pool2,104.4199,104.3495,-0.0704,-0.2253,0.1555,-0.07
100,p256_mldsa44,chain3,X25519,pool2,103.6663,103.6628,-0.0035,-0.2166,0.1963,-0.0
100,p256_mldsa44,chain3,X25519MLKEM768,pool2,103.8372,104.0228,0.1856,-0.01,0.4108,0.18
100,p256_mldsa44,chain3,X25519MLKEM768,thread,103.8372,104.198,0.3608,0.1351,0.568,0.35
100,p256_mldsa44,single,X25519MLKEM768,pool2,103.0922,103.0846,-0.0076,-0.1404,0.1127,-0.01
100,p256_sphincssha2128fsimple,chain3,X25519MLKEM768,pool2,320.1934,319.5933,-0.6002,-0.7641,-0.4781,-0.19
100,p384_mldsa65,chain3,X25519MLKEM768,pool2,207.0704,207.1802,0.1098,-0.0459,0.2699,0.05
150,p256_falcon512,chain3,X25519MLKEM768,pool2,154.555,154.3979,-0.1572,-0.3639,0.0361,-0.1
150,p256_mldsa44,chain3,X25519,pool2,153.7266,153.7121,-0.0144,-0.1259,0.1223,-0.01
150,p256_mldsa44,chain3,X25519MLKEM768,pool2,153.9938,154.0575,0.0637,-0.14,0.2159,0.04
150,p256_mldsa44,chain3,X25519MLKEM768,thread,153.9938,154.2555,0.2618,0.0134,0.4975,0.17
150,p256_mldsa44,single,X25519MLKEM768,pool2,153.267,153.2009,-0.0661,-0.2216,0.0752,-0.04
150,p256_sphincssha2128fsimple,chain3,X25519MLKEM768,pool2,478.4243,477.8187,-0.6056,-0.7145,-0.494,-0.13
150,p384_mldsa65,chain3,X25519MLKEM768,pool2,308.9663,309.0913,0.125,-0.0262,0.2802,0.04
