rtt_ms,alg,chain,group,worker,n,hs_mean,hs_ci95,hs_median,hs_p95,full_median,full_p95,pq_jobs_per_hs,pq_fail,crypto_median,queue_median,dt_n,dt_median,dt_p95,dt_p99,dt_max
0,p256,chain3,X25519MLKEM768,none,1000,1.4311,0.0181,1.3625,1.8684,1.3625,1.8684,0.0,0,,,0,,,,
0,p256_falcon512,chain3,X25519MLKEM768,none,1000,3.4362,0.0378,3.2576,4.4202,3.2576,4.4202,0.0,0,,,0,,,,
0,p256_falcon512,chain3,X25519MLKEM768,pool2,1000,3.4069,0.0379,3.233,4.3213,3.2393,4.3213,3.0,0,0.0525,0.0364,3000,0.091,0.1675,0.3916,6.048
0,p256_mldsa44,chain3,X25519,none,1000,2.6298,0.0307,2.4581,3.456,2.4581,3.456,0.0,0,,,0,,,,
0,p256_mldsa44,chain3,X25519,pool2,1000,2.6759,0.0401,2.4904,3.6049,2.4912,3.628,3.0,0,0.0341,0.0372,3000,0.073,0.1419,0.2469,4.6103
0,p256_mldsa44,chain3,X25519MLKEM768,none,1000,2.7905,0.0319,2.6498,3.7575,2.6498,3.7575,0.0,0,,,0,,,,
0,p256_mldsa44,chain3,X25519MLKEM768,pool2,1000,2.7667,0.0302,2.658,3.4998,2.6601,3.4998,3.0,0,0.0336,0.0356,3000,0.0709,0.1379,0.2798,1.7212
0,p256_mldsa44,chain3,X25519MLKEM768,thread,1000,2.9334,0.0314,2.7976,3.9277,2.8077,3.939,3.0,0,0.039,0.0622,3000,0.105,0.2249,0.9526,9.7058
0,p256_mldsa44,single,X25519MLKEM768,none,1000,2.1132,0.0197,2.0323,2.6192,2.0323,2.6192,0.0,0,,,0,,,,
0,p256_mldsa44,single,X25519MLKEM768,pool2,1000,2.1507,0.0249,2.0634,2.6752,2.0648,2.6787,1.0,0,0.0359,0.0464,1000,0.0834,0.1546,0.2291,0.8948
0,p256_sphincssha2128fsimple,chain3,X25519MLKEM768,none,1000,12.2158,0.123,11.7409,15.3443,11.7409,15.3443,0.0,0,,,0,,,,
0,p256_sphincssha2128fsimple,chain3,X25519MLKEM768,pool2,1000,10.4699,0.073,10.1521,12.7255,10.8726,13.5897,3.0,0,0.556,0.0729,3000,0.6769,1.768,2.2274,6.3349
0,p384_mldsa65,chain3,X25519MLKEM768,none,1000,5.0387,0.0589,4.6884,7.2254,4.6884,7.2254,0.0,0,,,0,,,,
0,p384_mldsa65,chain3,X25519MLKEM768,pool2,1000,4.8943,0.0483,4.6903,6.512,4.695,6.5372,3.0,0,0.0525,0.0409,3000,0.096,0.17,0.5347,5.79
20,p256,chain3,X25519MLKEM768,none,200,22.2476,0.376,21.9042,23.2358,21.9042,23.2358,0.0,0,,,0,,,,
20,p256_falcon512,chain3,X25519MLKEM768,none,200,24.2977,0.1271,23.9845,26.1521,23.9845,26.1521,0.0,0,,,0,,,,
20,p256_falcon512,chain3,X25519MLKEM768,pool2,200,24.4159,0.2507,24.0485,26.0594,24.0622,26.171,3.0,0,0.061,0.0518,600,0.1244,0.2565,0.3341,1.2582
20,p256_mldsa44,chain3,X25519,none,200,23.4306,0.1125,23.1675,24.9557,23.1675,24.9557,0.0,0,,,0,,,,
20,p256_mldsa44,chain3,X25519,pool2,200,23.3783,0.1043,23.1157,24.7698,23.1191,24.9988,3.0,0,0.0437,0.0522,600,0.0996,0.2376,1.1551,5.4722
20,p256_mldsa44,chain3,X25519MLKEM768,none,200,23.6408,0.1413,23.331,25.7498,23.331,25.7498,0.0,0,,,0,,,,
20,p256_mldsa44,chain3,X25519MLKEM768,pool2,200,23.7619,0.1287,23.5084,25.3614,23.5084,25.3614,3.0,0,0.0412,0.0478,600,0.0932,0.2197,0.5206,1.3272
20,p256_mldsa44,chain3,X25519MLKEM768,thread,200,24.1374,0.1712,23.7827,26.0439,23.7921,26.0449,3.0,0,0.0485,0.0833,600,0.1378,0.5421,1.1856,3.3478
20,p256_mldsa44,single,X25519MLKEM768,none,200,23.0394,0.1133,22.7957,24.3838,22.7957,24.3838,0.0,0,,,0,,,,
20,p256_mldsa44,single,X25519MLKEM768,pool2,200,23.1064,0.3058,22.7271,24.5706,22.765,24.6835,1.0,0,0.0457,0.0874,200,0.1388,0.2658,0.3639,3.0722
20,p256_sphincssha2128fsimple,chain3,X25519MLKEM768,none,200,66.8653,0.1416,66.6011,68.8457,66.6011,68.8457,0.0,0,,,0,,,,
20,p256_sphincssha2128fsimple,chain3,X25519MLKEM768,pool2,200,66.2276,0.1669,65.9111,67.9181,66.4981,68.5903,3.0,0,0.5706,0.1017,600,0.7156,1.281,1.8182,3.5841
20,p384_mldsa65,chain3,X25519MLKEM768,none,200,43.8815,0.0908,43.705,44.9062,43.705,44.9062,0.0,0,,,0,,,,
20,p384_mldsa65,chain3,X25519MLKEM768,pool2,200,43.8091,0.0941,43.6161,45.1126,43.644,45.1233,3.0,0,0.0615,0.0746,600,0.1386,0.2385,0.4693,1.843
50,p256,chain3,X25519MLKEM768,none,200,52.1477,0.0576,52.0019,52.9538,52.0019,52.9538,0.0,0,,,0,,,,
50,p256_falcon512,chain3,X25519MLKEM768,none,200,54.3273,0.1381,53.9874,55.7407,53.9874,55.7407,0.0,0,,,0,,,,
50,p256_falcon512,chain3,X25519MLKEM768,pool2,200,54.3165,0.1148,54.0356,55.7418,54.0382,56.0969,3.0,0,0.0614,0.0541,600,0.1228,0.2479,1.0444,3.662
50,p256_mldsa44,chain3,X25519,none,200,53.6257,0.1157,53.3355,55.186,53.3355,55.186,0.0,0,,,0,,,,
50,p256_mldsa44,chain3,X25519,pool2,200,53.4936,0.0988,53.2556,54.9873,53.2576,55.0839,3.0,0,0.045,0.0518,600,0.1,0.2023,0.3022,0.7782
50,p256_mldsa44,chain3,X25519MLKEM768,none,200,53.8423,0.1048,53.5919,55.3987,53.5919,55.3987,0.0,0,,,0,,,,
50,p256_mldsa44,chain3,X25519MLKEM768,pool2,200,54.0671,0.1488,53.6977,56.3074,53.7085,56.3119,3.0,0,0.0467,0.0585,600,0.1103,0.2308,0.3594,0.9206
50,p256_mldsa44,chain3,X25519MLKEM768,thread,200,54.1043,0.1254,53.7606,55.8746,53.7606,55.8857,3.0,0,0.0481,0.075,600,0.1228,0.2944,0.7219,4.4962
50,p256_mldsa44,single,X25519MLKEM768,none,200,53.1571,0.0896,52.9872,54.5643,52.9872,54.5643,0.0,0,,,0,,,,
50,p256_mldsa44,single,X25519MLKEM768,pool2,200,53.1281,0.1176,52.8481,54.7193,52.8783,54.9041,1.0,0,0.054,0.0915,200,0.1506,0.2911,0.3865,7.8286
50,p256_sphincssha2128fsimple,chain3,X25519MLKEM768,none,200,161.9602,0.147,161.6274,164.3576,161.6274,164.3576,0.0,0,,,0,,,,
50,p256_sphincssha2128fsimple,chain3,X25519MLKEM768,pool2,200,161.5147,0.2498,161.1037,163.4838,161.6601,164.2306,3.0,0,0.5743,0.102,600,0.7098,1.2231,2.6228,3.8707
50,p384_mldsa65,chain3,X25519MLKEM768,none,200,105.1,0.091,104.943,106.1044,104.943,106.1044,0.0,0,,,0,,,,
50,p384_mldsa65,chain3,X25519MLKEM768,pool2,200,105.2772,0.1244,104.961,106.8043,104.982,106.8046,3.0,0,0.0691,0.0853,600,0.1602,0.3012,0.7495,3.4316
100,p256,chain3,X25519MLKEM768,none,200,102.4952,0.0718,102.3542,103.5113,102.3542,103.5113,0.0,0,,,0,,,,
100,p256_falcon512,chain3,X25519MLKEM768,none,200,104.681,0.153,104.4199,106.7389,104.4199,106.7389,0.0,0,,,0,,,,
100,p256_falcon512,chain3,X25519MLKEM768,pool2,200,104.7793,0.1741,104.3495,107.2467,104.3993,107.2467,3.0,0,0.0643,0.0542,600,0.1257,0.2589,0.4124,2.9626
100,p256_mldsa44,chain3,X25519,none,200,104.0426,0.2088,103.6663,106.0777,103.6663,106.0777,0.0,0,,,0,,,,
100,p256_mldsa44,chain3,X25519,pool2,200,104.2136,0.2607,103.6628,106.3197,103.6697,106.6401,3.0,0,0.0476,0.0584,600,0.1103,0.2771,1.3345,4.7363
100,p256_mldsa44,chain3,X25519MLKEM768,none,200,104.331,0.187,103.8372,106.7557,103.8372,106.7557,0.0,0,,,0,,,,
100,p256_mldsa44,chain3,X25519MLKEM768,pool2,200,104.562,0.2137,104.0228,107.0574,104.0228,107.1647,3.0,0,0.0491,0.0582,600,0.1126,0.2828,1.2495,4.2898
100,p256_mldsa44,chain3,X25519MLKEM768,thread,200,104.6217,0.1625,104.198,106.8496,104.2208,106.8496,3.0,0,0.0527,0.0828,600,0.1435,0.3947,0.9907,3.8274
100,p256_mldsa44,single,X25519MLKEM768,none,200,104.0554,1.2451,103.0922,105.0665,103.0922,105.0665,0.0,0,,,0,,,,
100,p256_mldsa44,single,X25519MLKEM768,pool2,200,103.3004,0.0974,103.0846,104.5097,103.1398,104.554,1.0,0,0.0586,0.1007,200,0.1678,0.2976,0.6257,0.7317
100,p256_sphincssha2128fsimple,chain3,X25519MLKEM768,none,200,320.7209,0.2335,320.1934,323.516,320.1934,323.516,0.0,0,,,0,,,,
100,p256_sphincssha2128fsimple,chain3,X25519MLKEM768,pool2,200,320.2658,0.3937,319.5933,322.5926,320.2027,323.5641,3.0,0,0.5921,0.1164,600,0.7337,1.3003,2.3686,36.5187
100,p384_mldsa65,chain3,X25519MLKEM768,none,200,207.5855,0.189,207.0704,209.9738,207.0704,209.9738,0.0,0,,,0,,,,
100,p384_mldsa65,chain3,X25519MLKEM768,pool2,200,207.7405,0.2545,207.1802,209.573,207.2913,209.6602,3.0,0,0.0787,0.0945,600,0.1806,0.3402,1.1039,10.2452
150,p256,chain3,X25519MLKEM768,none,200,152.5462,0.0824,152.3576,153.5804,152.3576,153.5804,0.0,0,,,0,,,,
150,p256_falcon512,chain3,X25519MLKEM768,none,200,154.7771,0.137,154.555,156.7671,154.555,156.7671,0.0,0,,,0,,,,
150,p256_falcon512,chain3,X25519MLKEM768,pool2,200,155.029,0.352,154.3979,158.4453,154.3986,158.4453,3.0,0,0.0646,0.0583,600,0.1286,0.2629,0.6166,2.7757
150,p256_mldsa44,chain3,X25519,none,200,154.0433,0.1397,153.7266,156.1157,153.7266,156.1157,0.0,0,,,0,,,,
150,p256_mldsa44,chain3,X25519,pool2,200,154.0945,0.1676,153.7121,155.9867,153.7161,156.2773,3.0,0,0.0485,0.0564,600,0.1076,0.2626,0.6222,1.5533
150,p256_mldsa44,chain3,X25519MLKEM768,none,200,154.3282,0.1399,153.9938,155.9073,153.9938,155.9073,0.0,0,,,0,,,,
150,p256_mldsa44,chain3,X25519MLKEM768,pool2,200,154.5213,0.2055,154.0575,156.9273,154.0575,156.9371,3.0,0,0.0471,0.0522,600,0.1094,0.2798,0.5041,2.573
150,p256_mldsa44,chain3,X25519MLKEM768,thread,200,154.6408,0.1705,154.2555,156.9483,154.2626,156.9483,3.0,0,0.0543,0.0863,600,0.1495,0.3444,0.7798,2.7247
150,p256_mldsa44,single,X25519MLKEM768,none,200,153.6766,0.2034,153.267,155.6286,153.267,155.6286,0.0,0,,,0,,,,
150,p256_mldsa44,single,X25519MLKEM768,pool2,200,153.4054,0.0938,153.2009,154.8908,153.2407,155.0122,1.0,0,0.0641,0.1046,200,0.1736,0.3007,0.7835,4.1183
150,p256_sphincssha2128fsimple,chain3,X25519MLKEM768,none,200,479.2153,0.9474,478.4243,480.7217,478.4243,480.7217,0.0,0,,,0,,,,
150,p256_sphincssha2128fsimple,chain3,X25519MLKEM768,pool2,200,478.2085,0.2401,477.8187,480.0737,478.3925,480.8219,3.0,0,0.592,0.1078,600,0.7248,1.2419,2.4935,3.659
150,p384_mldsa65,chain3,X25519MLKEM768,none,200,309.3885,0.2342,308.9663,311.4724,308.9663,311.4724,0.0,0,,,0,,,,
150,p384_mldsa65,chain3,X25519MLKEM768,pool2,200,309.4221,0.1623,309.0913,311.5734,309.1061,311.591,3.0,0,0.0782,0.0926,600,0.1773,0.3047,0.4236,2.2587
