placement,rtt_ms,conns,alg,worker,reps,rate_mean,rate_sd,hs_ms_mean,client_cpu,server_cpu,errors,pq_failures
colocated,0,100,p256,none,3,1326.7,12.6,20.507,1.212,0.753,0,0
colocated,0,100,p256_mldsa44,none,3,482.1,81.2,70.748,1.123,0.839,0,0
colocated,0,100,p256_mldsa44,pool:2,3,499.7,6.5,74.875,1.152,0.815,0,0
colocated,0,100,p256_mldsa44,thread,3,491.1,5.3,64.517,1.188,0.769,0,0
colocated,0,500,p256,none,3,1316.6,2.0,97.402,1.209,0.764,0,0
colocated,0,500,p256_mldsa44,none,3,512.0,19.0,251.788,1.098,0.874,0,0
colocated,0,500,p256_mldsa44,pool:2,3,486.5,12.5,306.947,1.123,0.844,0,0
colocated,0,500,p256_mldsa44,thread,3,478.4,29.4,261.932,1.156,0.803,0,0
colocated,50,100,p256,none,3,636.5,4.4,56.358,0.654,0.375,0,0
colocated,50,100,p256_mldsa44,none,3,443.9,13.6,92.534,1.03,0.769,0,0
colocated,50,100,p256_mldsa44,pool:2,3,420.4,11.5,97.647,1.064,0.733,0,0
colocated,50,100,p256_mldsa44,thread,3,426.2,5.2,98.662,1.088,0.706,0,0
colocated,50,500,p256,none,3,1294.4,75.0,141.743,1.236,0.737,0,0
colocated,50,500,p256_mldsa44,none,3,491.1,37.4,501.558,1.075,0.912,0,0
colocated,50,500,p256_mldsa44,pool:2,3,489.5,13.2,531.472,1.136,0.849,0,0
colocated,50,500,p256_mldsa44,thread,3,458.8,9.1,545.563,1.144,0.805,0,0
separate,0,100,p256,none,3,2045.2,32.7,14.803,1.872,0.961,0,0
separate,0,100,p256_mldsa44,none,3,715.5,27.2,99.599,1.619,0.987,0,0
separate,0,100,p256_mldsa44,pool:2,3,691.2,32.8,91.847,1.711,0.978,0,0
separate,0,100,p256_mldsa44,thread,3,670.3,47.7,94.404,1.757,0.975,0,0
separate,0,500,p256,none,3,1934.9,72.5,114.991,1.891,0.985,0,0
separate,0,500,p256_mldsa44,none,3,721.1,16.9,614.009,1.625,0.986,0,0
separate,0,500,p256_mldsa44,pool:2,3,669.8,47.2,636.102,1.682,0.98,0,0
separate,0,500,p256_mldsa44,thread,3,680.9,46.0,602.762,1.789,0.989,0,0
separate,50,100,p256,none,3,645.6,4.4,53.579,0.686,0.354,0,0
separate,50,100,p256_mldsa44,none,3,491.6,6.4,85.174,1.147,0.739,0,0
separate,50,100,p256_mldsa44,pool:2,3,473.5,14.4,87.412,1.208,0.725,0,0
separate,50,100,p256_mldsa44,thread,3,477.4,12.1,87.366,1.302,0.708,0,0
separate,50,500,p256,none,3,1851.6,65.7,109.538,1.716,0.881,0,0
separate,50,500,p256_mldsa44,none,3,671.7,23.3,539.116,1.55,0.984,0,0
separate,50,500,p256_mldsa44,pool:2,3,623.7,30.0,591.355,1.611,0.985,0,0
separate,50,500,p256_mldsa44,thread,3,668.1,14.9,520.231,1.761,0.985,0,0
