alg,loss_pct,n,hs_median,hs_p90,hs_p99,hs_mean,frac_over_2rtt,conn_hs_median,conn_hs_p99
p256,0.0,400,52.26,52.82,54.94,52.42,0.0,102.73,105.7
p256_falcon512,0.0,400,54.47,55.98,58.11,54.84,0.0,104.98,109.02
p256_mldsa44,0.0,400,53.96,55.62,57.82,54.3,0.0,104.47,108.68
p384_mldsa65,0.0,400,105.25,106.39,108.47,105.52,1.0,155.75,159.62
p256,1.0,400,52.32,53.59,317.09,57.83,0.0275,102.79,1123.96
p256_falcon512,1.0,400,54.32,56.08,175.63,60.74,0.0625,104.85,1155.67
p256_mldsa44,1.0,400,53.91,104.24,368.62,66.78,0.13,104.4,1109.45
p384_mldsa65,1.0,400,105.19,107.77,386.1,113.28,1.0,155.65,1166.13
p256,3.0,400,52.22,54.08,381.01,71.42,0.08,102.69,1154.26
p256_falcon512,3.0,400,54.51,123.66,390.99,89.22,0.155,105.07,1188.38
p256_mldsa44,3.0,400,54.16,122.61,386.08,87.0,0.2675,104.69,1169.2
p384_mldsa65,3.0,400,105.85,172.1,435.03,135.2,1.0,156.5,1219.25
