k,rtt,sync,dapv,gain,gain_lo,gain_hi,gain_pct,full_auth,verify_ms,dt_median,dt_p99
1,0,3.069,3.119,-0.05,-0.121,0.011,-1.62,3.119,0.038,0.088,0.343
2,0,3.077,3.0,0.078,0.023,0.153,2.52,3.007,0.0654,0.11,0.4
4,0,3.228,2.921,0.308,0.248,0.37,9.53,2.973,0.1269,0.174,0.87
8,0,3.594,2.952,0.642,0.568,0.716,17.87,3.092,0.2458,0.288,0.598
16,0,4.261,3.085,1.176,1.053,1.251,27.61,3.599,0.4922,0.556,2.161
32,0,5.731,3.018,2.713,2.647,2.789,47.34,4.796,0.9965,1.453,3.632
64,0,8.796,3.054,5.742,5.59,5.898,65.28,6.265,1.9972,2.809,6.571
1,50,53.885,54.002,-0.117,-0.315,0.032,-0.22,54.002,0.0457,0.107,0.552
2,50,53.956,53.85,0.106,-0.061,0.338,0.2,53.857,0.0723,0.132,0.537
4,50,54.211,54.082,0.128,-0.047,0.322,0.24,54.154,0.1398,0.199,0.859
8,50,54.884,54.165,0.72,0.457,0.977,1.31,54.298,0.2664,0.346,2.247
16,50,55.397,54.158,1.239,0.994,1.5,2.24,54.653,0.5176,0.648,2.396
32,50,56.766,53.9,2.866,2.575,3.215,5.05,55.488,1.0201,1.412,3.471
64,50,59.882,53.849,6.033,5.811,6.227,10.08,58.092,2.0124,2.895,6.887
