serial,queue_us,crypto_us,dt_us,ok
0,70.28,146.81,267.22,1
0,40.41,47.79,102.08,1
0,38.40,29.85,68.49,1
1,80.33,68.54,149.64,1
1,73.16,50.73,124.34,1
1,34.26,29.52,63.94,1
2,109.88,61.34,172.04,1
2,48.04,35.90,84.09,1
2,50.89,51.77,103.17,1
3,75.61,61.63,137.97,1
3,33.32,36.23,69.70,1
3,29.34,28.53,57.95,1
4,119.10,67.86,187.82,1
4,35.37,55.69,91.26,1
4,62.85,44.46,107.78,1
5,78.32,65.05,144.08,1
5,32.84,49.20,82.22,1
5,30.65,27.37,58.09,1
6,88.78,60.78,150.27,1
6,33.29,34.33,67.81,1
6,29.63,28.20,57.94,1
7,71.80,70.64,143.09,1
7,30.88,40.03,71.06,1
7,26.49,28.14,54.70,1
8,95.94,67.60,164.42,1
8,33.70,41.59,75.58,1
8,70.95,45.79,117.27,1
9,80.06,81.18,162.02,1
9,67.20,34.38,101.83,1
9,28.46,28.45,57.00,1
10,87.62,62.03,150.67,1
10,35.42,34.62,70.20,1
10,38.75,29.89,68.77,1
11,109.23,61.11,171.16,1
11,37.00,35.17,72.40,1
11,27.73,28.20,56.02,1
12,63.81,89.10,153.67,1
12,35.66,35.96,71.90,1
12,79.17,48.70,128.32,1
13,73.50,58.67,132.82,1
13,30.90,34.24,65.30,1
13,31.71,27.41,59.20,1
14,471.80,94.25,566.94,1
14,160.47,48.94,209.72,1
14,46.60,38.31,85.15,1
15,91.96,67.65,160.45,1
15,37.85,35.22,73.22,1
15,31.49,29.67,61.28,1
16,142.18,59.54,202.45,1
16,38.91,37.41,76.48,1
16,69.26,76.16,145.90,1
17,101.42,78.72,181.08,1
17,45.20,61.33,106.78,1
17,43.18,42.25,85.54,1
18,106.75,62.61,170.18,1
18,43.17,35.91,79.32,1
18,33.08,29.27,62.44,1
19,66.52,60.74,128.06,1
19,55.22,51.61,107.30,1
19,41.82,30.75,72.71,1
