serial,tcp_ms,hs_ms,full_ms,njobs,failed
0,150.4920,310.4984,310.4984,0,0
1,150.4495,308.6196,308.6196,0,0
2,150.4098,308.1312,308.1312,0,0
3,150.4507,308.6121,308.6121,0,0
4,150.5066,308.4143,308.4143,0,0
5,151.1931,308.7080,308.7080,0,0
6,150.4630,308.4307,308.4307,0,0
7,150.5090,308.3461,308.3461,0,0
8,150.4643,308.3794,308.3794,0,0
9,150.5030,308.4583,308.4583,0,0
10,150.4406,308.2751,308.2751,0,0
11,150.4401,308.6417,308.6417,0,0
12,150.4928,308.5693,308.5693,0,0
13,150.5352,309.1762,309.1762,0,0
14,150.6474,309.5123,309.5123,0,0
15,150.4944,308.8659,308.8659,0,0
16,150.4134,308.1807,308.1807,0,0
17,150.5155,308.3606,308.3606,0,0
18,150.4103,308.6151,308.6151,0,0
19,150.5703,308.3913,308.3913,0,0
